Location,Startup, Lat, Ln
Oberuster,1816.0,47.34557,8.729650600000001
Lichtensteig,1820.0,47.3239036,9.0876844
Schwanden,1828.0,46.994162599999996,9.0739145
Schwanden,1899.0,46.994162599999996,9.0739145
Schwanden,1908.0,46.994162599999996,9.0739145
Schwanden,1931.0,46.994162599999996,9.0739145
Windisch,1830.0,47.4789604,8.2159655
Freienstein,1832.0,47.5313791,8.585174400000001
"Kollbrunn, Gmde. Zell",1832.0,,
Murg,1836.0,47.5061724,8.941068999999997
Ziegelbrücke,1837.0,,
Haslen,1848.0,46.980873700000004,9.0558843
Hätzingen,1850.0,,
Hätzingen,2016.0,,
Bätterkinden,1854.0,,
Bätterkinden,1855.0,,
Baar,1854.0,47.1953729,8.526087
Ibach,1859.0,47.011067,8.644371999999999
Ibach,1966.0,47.011067,8.644371999999999
Zürich,1860.0,,
Zürich,1877.0,,
Zürich,1898.0,,
"Sennhof, Illnau-Effretikon",1860.0,,
Grellingen,1861.0,47.4409994,7.5905459
Grellingen,1864.0,47.4409994,7.5905459
Grellingen,1945.0,47.4409994,7.5905459
Bütschwil,1861.0,,
Bütschwil,1917.0,,
Turgi,1861.0,47.488797399999996,8.2547897
Turgi,1902.0,47.488797399999996,8.2547897
"Galgenen, Vorauen",1863.0,,
Derendingen,1863.0,47.195243299999994,7.585593099999999
Untersiggenthal,1864.0,47.4978612,8.2638309
Biberist,1864.0,47.1818339,7.5577799
Bischofszell,1864.0,47.492703399999996,9.2436496
Mülau bei Bazenheid Kirchberg,1865.0,,
Flums,1866.0,47.09164610000001,9.3425546
Flums,1901.0,47.09164610000001,9.3425546
Flums,1943.0,47.09164610000001,9.3425546
Flums,1974.0,47.09164610000001,9.3425546
"Veyrier, Iles de Vessy",1867.0,,
Schindellegi,1869.0,47.1748077,8.712788699999999
Frinvillier,1869.0,47.169073,7.2568416
"Fribourg, Maigrauge",1870.0,,
"Stansstad, Rotzloch",1872.0,,
Bürglen,1872.0,,
Bürglen,1895.0,,
Bürglen,1947.0,,
Bürglen,1956.0,,
Bürglen,1967.0,,
Bürglen,2016.0,,
"Perlen, Buchrain",1873.0,,
"Perlen, Root",1875.0,,
Bözingen,1876.0,,
Luterbach,1876.0,47.2159256,7.587512500000001
Luterbach,1888.0,47.2159256,7.587512500000001
Linthal,1877.0,46.9218287,8.999643800000001
Linthal,1900.0,46.9218287,8.999643800000001
Linthal,1950.0,46.9218287,8.999643800000001
Linthal,1964.0,46.9218287,8.999643800000001
Mels,1878.0,47.0478375,9.422401800000001
Mels,1906.0,47.0478375,9.422401800000001
Mels,2018.0,47.0478375,9.422401800000001
Weinfelden,1878.0,47.5660299,9.1084456
Weinfelden,1948.0,47.5660299,9.1084456
"Péry, Rondchâtel",1883.0,,
Brunnen,1885.0,46.9993073,8.609382199999999
Littau,1886.0,47.05077120000001,8.264809399999999
"Brot-Dessous, Les Moyats",1887.0,,
"Les Planches, Taulan",1887.0,,
Meiringen,1889.0,46.7251614,8.1909081
Aarburg,1889.0,47.3205914,7.9066923
Wiler bei Utzenstorf,1889.0,47.15238239999999,7.5591745999999995
"Les Brenets, La Rançonnière",1890.0,,
Maroggia,1890.0,45.9340548,8.971080599999997
"Pontresina, Morteratsch",1890.0,,
"Flums, Rüfi",1890.0,,
Silvaplana,1891.0,46.4599864,9.7955009
Lorzentobel,1891.0,47.1672222,8.559722200000001
"Bern, Matte",1891.0,,
"Chur, Sand",1892.0,,
"Chur, Sand",1947.0,,
Ragaz,1892.0,47.0034141,9.5011062
"Baden, Chappelerhof",1892.0,,
Utzenstorf,1893.0,47.12816670000001,7.5588034
Hagendorn,1893.0,47.2031877,8.4322035
"Charmey, Le Perré",1893.0,,
Aarau,1893.0,47.390434,8.0457015
Aarau,1929.0,47.390434,8.0457015
Aarau,2014.0,47.390434,8.0457015
Glattmüli,1893.0,,
Le Noirmont,1894.0,47.2256223,6.957211599999999
"Davos, Frauenkirch",1894.0,,
"Interlaken, Kanal",1894.0,,
Orbe,1894.0,46.729330100000006,6.5323588
Orbe,2013.0,46.729330100000006,6.5323588
Töbeli,1895.0,,
Wittenbach,1895.0,47.4598793,9.3899899
Schönenberg,1895.0,,
Schönenberg,2011.0,,
Hallau,1895.0,47.6967786,8.457412199999998
Gorges de Court,1895.0,47.2589145,7.345121400000001
Brot - Dessous,1896.0,46.9558416,6.747745399999999
Aubonne,1896.0,46.495329100000006,6.3918325
"Untersiggenthal, Schiffmüli",1896.0,,
"Untersiggenthal, Schiffmüli",2013.0,,
Emmen,1896.0,47.07723379999999,8.275637
Biel-Bözingen,1896.0,,
"Nesslau, unterer Giessenfall",1896.0,,
Montbovon,1896.0,46.483332,7.033328999999998
"Friesencham, Cham",1897.0,,
Sevelen,1897.0,47.1218764,9.486948
"Boudry, Combe-Garot",1897.0,,
"Undervelier, Blanches-Fontaine",1897.0,,
Rheinfelden,1898.0,47.55219,7.792291400000001
Rheinfelden,2011.0,47.55219,7.792291400000001
Bex,1898.0,46.24998470000001,7.014266399999999
Bex,1911.0,46.24998470000001,7.014266399999999
"Lorzentobel, Nidfuren",1898.0,,
"Untereggen, Lochmüli",1898.0,,
Weissenburg,1898.0,46.65835999999999,7.475439999999999
Längmad am Thunersee,1899.0,,
Bitsch,1899.0,46.336008299999996,8.01573
"Grabs, Löchli",1899.0,,
"Davos, Glaris",1899.0,,
Hagneck,1900.0,47.05672,7.1857000000000015
Hagneck,2015.0,47.05672,7.1857000000000015
St. Gallen,1900.0,47.424481799999995,9.376717300000001
St. Gallen,2008.0,47.424481799999995,9.376717300000001
Gurtnellen,1900.0,46.73796,8.62781
Gurtnellen,2007.0,46.73796,8.62781
Gurtnellen,2018.0,46.73796,8.62781
"Etrivouez, Grand Paradis",1901.0,,
"Thun, Kanal (Uttigenstr.)",1901.0,,
Landquart-Fabriken,1901.0,46.9563994,9.565793300000001
Landquart-Fabriken,1988.0,46.9563994,9.565793300000001
"Montreux, Sonzier",1901.0,,
"Vouvry, Haut du Village",1902.0,,
"Heiden, Hinterlochen",1902.0,,
Hauterive,1902.0,47.01564279999999,6.9725091
Matt,1902.0,46.9578717,9.1715862
Hospental,1902.0,46.6179587,8.567440099999999
Döttingen,1902.0,,
Döttingen,2001.0,,
"Buchs, Steig - Aspenhölzli",1903.0,,
"Kandersteg, Zilfuri",1903.0,,
Niederurnen,1903.0,47.125507,9.053150500000001
Urnäsch,1903.0,,
Urnäsch,1907.0,,
"Adelboden, Moosweid",1903.0,,
Preda bei Bergün,1903.0,,
Giubiasco,1903.0,46.172106,9.0103933
Giubiasco,2017.0,46.172106,9.0103933
Ebnat - Kappel,1903.0,47.26548500000001,9.1235471
La Dernier,1903.0,46.8547534,6.5014409
Madulain,1903.0,46.5864909,9.938481300000001
Scuol,1903.0,46.7968716,10.2977381
Scuol,1970.0,46.7968716,10.2977381
Scuol,2014.0,46.7968716,10.2977381
Flims,1904.0,46.8366348,9.284692300000001
Flims,2011.0,46.8366348,9.284692300000001
Flims,2012.0,46.8366348,9.284692300000001
Flims,2013.0,46.8366348,9.284692300000001
"Tegna, Ponte Brolla",1904.0,,
Soyhières,1905.0,,
Rässenaueli,1905.0,,
"Lauterbrunnen, Stechelberg",1905.0,,
"Kerns, Wisserlen",1905.0,,
Grafenort,1905.0,46.8200266,8.4069918
Grafenort,1963.0,46.8200266,8.4069918
Wolhusen,1906.0,47.0586361,8.073163300000001
"Oberriet, Blatten",1906.0,,
Montlingen,1906.0,47.334162400000004,9.584806599999999
Lienz,1906.0,47.377463299999995,9.5469133
"Fontanney, Les Farettes",1906.0,,
Chironico,1907.0,46.42215039999999,8.8436177
St. Léonard,1907.0,,
Campocologno,1907.0,46.23235,10.132019999999999
Campocologno,1950.0,46.23235,10.132019999999999
Trin Mulin,1907.0,46.834109999999995,9.340810000000001
Chippis,1908.0,46.279507200000005,7.541926899999999
Chippis,1911.0,46.279507200000005,7.541926899999999
Montcherand,1908.0,46.73381000000001,6.50864
Martigny-Bourg,1908.0,46.09243499999999,7.068478999999999
Unterägeri,1908.0,,
Netstal,1908.0,47.0633697,9.0550398
Netstal,1912.0,47.0633697,9.0550398
Netstal,1923.0,47.0633697,9.0550398
"Amden, Muslen",1908.0,,
Lütschental,1908.0,,
Schaffhausen,1909.0,47.6958897,8.6380489
Schaffhausen,1964.0,47.6958897,8.6380489
Felsenau,1909.0,46.97294829999999,7.440753900000001
"Stalden, Ackersand",1909.0,,
"Stalden, Ackersand",1959.0,,
Echelles de la Mort,1909.0,47.1862418,6.8721628
"Nesslau, Schneit",1909.0,,
Baden,1909.0,47.472879999999996,8.30809
Baden,2013.0,47.472879999999996,8.30809
"Dalaloch, Leuk-Stadt",1909.0,,
"Murg, unterhalb Gödis",1909.0,,
Sils im Domleschg,1910.0,46.7019286,9.4555982
Monthey,1910.0,46.252187299999996,6.9469598
Monthey,1992.0,46.252187299999996,6.9469598
"Fribourg, Oelberg",1910.0,,
Amsteg,1910.0,46.79173549999999,8.6694779
Amsteg,1923.0,46.79173549999999,8.6694779
Amsteg,1998.0,46.79173549999999,8.6694779
"S. Carlo, Robbia",1910.0,,
Inner-Kandergrund,1911.0,46.5443255,7.662839
Grenzach-Wyhlen,1912.0,47.5523554,7.658088100000001
Sennwald,1912.0,47.2612316,9.5042435
Augst,1912.0,47.53389,7.721349999999998
Zwingen,1913.0,47.43715659999999,7.530886600000001
Kallnach,1913.0,47.018347399999996,7.235455900000001
"Ormont-Dessous, Le Pont",1913.0,,
"Lüen, Tewald",1914.0,,
"Lüen, Tewald",2013.0,,
Laufenburg,1914.0,47.502947999999996,8.0223883
Choindez,1914.0,47.32071,7.3804500000000015
Realp,1914.0,46.599225700000005,8.5026469
Realp,2017.0,46.599225700000005,8.5026469
Boudry,1914.0,46.9542921,6.8478409
Boudry,2014.0,46.9542921,6.8478409
Blatten,1915.0,46.4201048,7.8199932
Blatten,2012.0,46.4201048,7.8199932
Blatten,2019.0,46.4201048,7.8199932
Bramois,1915.0,46.233417200000005,7.4056447
Bramois,1953.0,46.233417200000005,7.4056447
"Fully, Lac Inf. dé Fully",1915.0,,
Thun,1917.0,46.7579868,7.6279881
Thun,1962.0,46.7579868,7.6279881
Niedergösgen,1917.0,,
Blumenstein,1918.0,46.74109989999999,7.5204564
Piotta,1920.0,46.513290000000005,8.67487
Piotta,1968.0,46.513290000000005,8.67487
Rüti,1920.0,,
"Chez Theurillat, Haute-Sorne",1920.0,,
Ennenda,1920.0,47.0338781,9.0775529
Buttenried,1920.0,46.963486700000004,7.2760822
Zweidlen,1920.0,47.562501,8.470274
Vaz/Obervaz,1920.0,46.72594,9.55765
Giswil,1921.0,46.838212,8.1872814
Giswil,2013.0,46.838212,8.1872814
"Linthal, Stachelberg",1921.0,,
Broc,1921.0,46.6042074,7.097494500000001
"Airolo, Launc",1922.0,,
Küblis,1922.0,,
Schwarzhäusern,1923.0,,
Le Châtelard,1923.0,,
Le Châtelard,1929.0,,
"Poschiavo, Bernina",1923.0,,
"Turtmann, Müllacheren",1925.0,,
Avully / Chancy,1925.0,,
Klosters,1925.0,46.8699029,9.8828697
Rodi-Fiesso,1925.0,46.49073,8.73758
"Trempel, Ebnat-Kappel",1925.0,,
Näfels,1925.0,,
"Vorderthal, Rempen",1926.0,,
Oberems,1926.0,46.281652,7.695524400000001
Oberems,2009.0,46.281652,7.695524400000001
Siebnen,1926.0,47.1744948,8.897176
Sonvico,1926.0,46.0580636,8.990180800000001
"Oberems, Meretschialp",1926.0,,
Vernayaz,1927.0,46.13465,7.03959
Vernayaz,2013.0,46.13465,7.03959
Vernayaz,2016.0,46.13465,7.03959
"Poschiavo, Cavaglia",1927.0,,
La Peuffeyre,1927.0,46.2670446,7.057516000000001
Oberterzen,1927.0,47.102403,9.255855000000002
"Poschiavo, Alpe Palü",1927.0,,
"Buchs, Altendorf",1928.0,,
Klosters-Dorf,1928.0,46.8836044,9.874831599999998
"Stalden, Riedji",1929.0,,
"Sembrancher, Les Moulins",1929.0,,
Leuggelbach,1930.0,46.966667,9.049999900000001
Champsec,1930.0,46.05710999999999,7.2429700000000015
"Erstfeld, Ripshusen",1931.0,,
"Erstfeld, Ripshusen",1963.0,,
"Mels, Steigs",1931.0,,
Orsières,1931.0,,
Orsières,1996.0,,
Emmenbrücke,1931.0,,
Schwörstadt,1931.0,,
"Kembs, Loechle",1932.0,,
Celerina,1932.0,46.51233329999999,9.858951800000002
Handegg,1932.0,46.6125128,8.3068901
Handegg,1950.0,46.6125128,8.3068901
Handegg,1976.0,46.6125128,8.3068901
"Lavorgo, Nivo di Chironico",1932.0,,
Albbruck,1933.0,47.59465729999999,8.136298700000001
"Roseg, Samedan",1933.0,,
Wettingen,1933.0,47.465950299999996,8.3265988
Wettingen,2007.0,47.465950299999996,8.3265988
Dietikon,1933.0,47.4053885,8.39977
"Klingnau, Gippingen",1935.0,,
Bivio,1936.0,46.4677669,9.6504508
Oberrickenbach,1937.0,46.9081639,8.3959084
Altendorf,1937.0,47.1914822,8.829904299999997
"Adelboden, Engstligenalp",1937.0,,
Luchsingen,1940.0,46.967290500000004,9.036789
"Engelberg, Stalden",1941.0,,
Reckingen,1941.0,46.46951729999999,8.2451355
Reckingen,1990.0,46.46951729999999,8.2451355
Nenzlingen,1942.0,47.447616,7.5619486999999985
Brig-Glis,1942.0,46.315899200000004,7.9878208000000015
"Riddes, Pied du Mont",1942.0,,
Niederlenz,1943.0,47.4015698,8.1761165
Trun,1943.0,46.743152200000004,8.991023
Trun,1999.0,46.743152200000004,8.991023
Russin,1943.0,46.1880652,6.013571900000001
Pt. de la Tsi / Liddes,1943.0,45.9919529,7.185819599999999
Innertkirchen,1943.0,46.70517659999999,8.227400999999999
Innertkirchen,1967.0,46.70517659999999,8.227400999999999
Le Bévieux,1943.0,,
Mörel,1943.0,,
Mörel,1951.0,,
Trin,1944.0,46.82830449999999,9.362437199999999
Auenstein,1945.0,47.4166971,8.1362613
Wolfenschiessen,1945.0,46.9081639,8.3959084
Wolfenschiessen,1962.0,46.9081639,8.3959084
Rupperswil,1945.0,47.4051347,8.129040700000001
Sedrun,1945.0,46.679598,8.7737237
Sedrun,1968.0,46.679598,8.7737237
"St. Gallen, Sittertal",1945.0,,
Krummenau,1945.0,47.2262651,9.1988648
Diesbach,1945.0,46.916667,9.05
Erlenbach,1946.0,47.3052989,8.597147099999999
Erlenbach,1959.0,47.3052989,8.597147099999999
Tavanasa,1946.0,46.754091700000004,9.0623319
Tavanasa,1960.0,46.754091700000004,9.0623319
Tavanasa,1962.0,46.754091700000004,9.0623319
"Le Niollet, Champex",1947.0,,
Cap.dei Morti,1947.0,46.818188,8.227511999999999
Airolo,1947.0,46.5286074,8.612374599999999
Somvix,1947.0,46.72786079999999,8.938301599999997
"Plons, Gmde. Mels",1948.0,,
Gsteig b.Gstaad,1948.0,46.385263099999996,7.267346000000001
Tiefencastel,1949.0,46.6618506,9.5771616
Tiefencastel,1970.0,46.6618506,9.5771616
Tiefencastel,1989.0,46.6618506,9.5771616
Zermatt,1949.0,46.0207133,7.749117000000001
Zermatt,2002.0,46.0207133,7.749117000000001
Rothenbrunnen,1949.0,46.768246600000005,9.427283500000001
Rothenbrunnen,1958.0,46.768246600000005,9.427283500000001
Rothenbrunnen,1976.0,46.768246600000005,9.427283500000001
Laufen,1949.0,47.4204213,7.500487400000001
Laufen,1997.0,47.4204213,7.500487400000001
Pfaffensprung,1949.0,46.7136569,8.6089007
Brienz,1949.0,46.7541541,8.0316899
"Wangs, Gaschiels",1950.0,,
"Meiringen, Haselholz",1950.0,,
"Murgtal, Merlen",1950.0,,
"Vernayaz, Miéville",1950.0,,
Lavey,1950.0,46.2207033,7.014481699999998
Faido,1950.0,46.47821769999999,8.8009636
Clusanfe,1950.0,46.818188,8.227511999999999
"Siviez, Cleuson",1950.0,,
Neuhausen,1951.0,47.6837423,8.612609800000001
Roveredo,1951.0,46.23435019999999,9.1288093
"Gondo, San Marco",1952.0,,
Les Planchettes,1953.0,47.1064515,6.770286199999998
Les Planchettes,2005.0,47.1064515,6.770286199999998
Schinznach-Dorf,1953.0,47.4474737,8.1427966
Brissago,1953.0,46.1200438,8.711265699999998
Brissago,1973.0,46.1200438,8.711265699999998
Villnachern,1953.0,47.46941200000001,8.1631666
"Gondo, Tannuwald",1953.0,,
"Grimsel, Sommerloch u.Hospiz",1954.0,,
Niederernen,1954.0,46.393056,8.136111
Tinizong,1954.0,46.5831572,9.616736
"Mols, Tal",1954.0,,
Seedorf,1955.0,46.88092,8.61352
Seedorf,2012.0,46.88092,8.61352
Piano di Peccia,1955.0,46.415,8.60759
Piano di Peccia,1991.0,46.415,8.60759
Les Clées,1955.0,,
Birsfelden,1955.0,47.5516505,7.627249900000002
Cavergno,1955.0,46.3450894,8.6057293
Vallorbe,1955.0,46.71199650000001,6.3791101999999995
Bisisthal,1956.0,46.942972,8.830808
"St-Léonard, Mangol",1956.0,,
"Riddes, Ecône",1956.0,,
"Noiraigue, Le Furcil",1956.0,,
Rheinau,1956.0,47.6433,8.60117
Fionnay,1957.0,46.03286,7.307699999999999
Fionnay,1958.0,46.03286,7.307699999999999
"Les Diablerets, Le Plan",1957.0,,
"Alpnach, Eichibrücke",1957.0,,
Bäch,1957.0,,
Piani di Verdabbio,1957.0,46.283607200000006,9.1732325
Beckenried,1957.0,46.9704961,8.4657007
Safien Platz,1957.0,46.681644399999996,9.314830400000002
Gabi,1957.0,46.18405,8.07071
Chamarin / Ayent,1957.0,46.2765711,7.405814599999999
Croix / Ayent,1957.0,46.3107748,7.4252553999999975
"Vals, Staumauer Zervreila",1958.0,,
"Ayer, Mottec",1958.0,,
"Ayer, Vissoie",1958.0,,
Sta.Maria,1958.0,46.6020161,10.424907600000001
"Lostallo, Rura",1958.0,,
Liddes,1958.0,45.9919529,7.185819599999999
Casaccia,1959.0,46.390997,9.666473
Casaccia,1960.0,46.390997,9.666473
Casaccia,1961.0,46.390997,9.666473
Casaccia,1967.0,46.390997,9.666473
"Münster, Moos ",1959.0,,
"Grabs, Bannwald",1959.0,,
Isenthal,1959.0,46.91059250000001,8.561981300000001
Biasca,1959.0,46.3580008,8.9704651
Castasegna,1959.0,46.3333,9.514099900000001
Muotathal,1960.0,46.974017100000005,8.762247300000002
"Kerns, Stöckalp",1960.0,,
"Saas-Fee, Wichulti",1960.0,,
Riddes,1960.0,46.173143700000004,7.2225148999999975
Riddes,1999.0,46.173143700000004,7.2225148999999975
Riddes,2016.0,46.173143700000004,7.2225148999999975
Matzingen,1960.0,47.5195701,8.934054999999997
Grindelwald,1960.0,46.624164,8.0413962
Ardon,1960.0,46.2097412,7.257228599999999
"Underi-Furen, Innertkirchen",1961.0,,
Göschenen,1961.0,,
Göschenen,1962.0,,
Göschenen,1969.0,,
Rütiberg / Näfels,1961.0,,
Rütiberg / Näfels,1977.0,,
Stafel,1961.0,46.0058456,7.6860887
Soazza,1961.0,46.36493489999999,9.2243119
"Grimentz-Lona, Val de Moiry",1961.0,,
Wollerau,1961.0,47.19717,8.713379999999999
"Sils, Nisellas",1961.0,,
Andermatt,1961.0,46.633911600000005,8.5935627
Ausserferrera,1962.0,46.5571049,9.4392882
Ausserferrera,1963.0,46.5571049,9.4392882
"Bisisthal, Sahli",1962.0,,
"Bisisthal, Sahli",1970.0,,
"Mesocco, Spina",1962.0,,
"Mesocco, Spina",1963.0,,
Bondo,1962.0,46.3353876,9.5541649
Domat-Ems,1962.0,46.8336355,9.4473545
Simmenfluh (Wimmis),1962.0,46.6793,7.620889999999998
Unterschächen,1962.0,,
Unterschächen,1996.0,,
Andeer,1962.0,46.6034023,9.4263657
Andeer,1968.0,46.6034023,9.4263657
Olivone,1962.0,46.533333,8.95
"Niederried, Radelfingen",1963.0,,
Arolla,1963.0,46.0233657,7.481790500000002
"Monthey, Les Nants",1963.0,,
Murtaira,1963.0,46.818188,8.227511999999999
L'Hospitalet,1963.0,41.3661865,2.1164942000000004
Ghirone,1963.0,46.57018,8.94309
Sagogn,1963.0,46.7923608,9.25738
"Linthal, Tierfehd",1964.0,,
"Linthal, Tierfehd",2010.0,,
Ferpècle,1964.0,,
"Fionnay, Mauvoisin",1964.0,,
Schiffenen,1964.0,46.850486100000005,7.158170699999999
"Linthal, Ochsenstafel",1965.0,,
"Linthal, Ochsenstafel",2016.0,,
Z'Mutt,1965.0,46.0064719,7.717241500000001
Gordola,1965.0,46.1809063,8.8608089
Stalden,1965.0,46.2331036,7.870670499999999
Rappental,1965.0,46.818188,8.227511999999999
"Grono, Oltra",1965.0,,
Neubrigg,1965.0,46.818188,8.227511999999999
Giétroz du Fond,1965.0,,
San Carlo,1966.0,46.4103,8.52587
Barrage de Kembs,1966.0,47.7098922,7.503172800000001
Barrage de Kembs,2016.0,47.7098922,7.503172800000001
"Saas Almagell, Zermeiggern",1966.0,,
"Saas Almagell, Zermeiggern",1987.0,,
Personico,1966.0,46.3711388,8.9187102
Innergsteig,1966.0,46.3793924,7.274475099999999
Engelberg,1966.0,46.8200266,8.4069918
Engelberg,1967.0,46.8200266,8.4069918
Bad Säckingen,1966.0,,
Unterbäch,1966.0,,
Unterbäch,2010.0,,
Hopflauenen,1967.0,46.71429999999999,8.27834
"Someo, Giumaglio",1967.0,,
"Ulrichen, Altstafel",1967.0,,
Filisur,1967.0,46.67341529999999,9.686377
Aarberg,1968.0,47.042055299999994,7.2751012
Robiei,1968.0,46.4458342,8.5162558
Thusis,1968.0,46.6960141,9.439494
Zernez,1969.0,46.7004905,10.094908300000002
Zernez,1970.0,46.7004905,10.094908300000002
"Heiligkreuz, Längtal",1969.0,,
Litzirüti,1969.0,,
"Bitsch, Biel",1969.0,,
Samnaun-Compatsch,1970.0,46.96028,10.40523
Bannwil,1970.0,47.2402164,7.7374782999999985
Riedholz,1970.0,47.2301841,7.565355399999999
Balavaud / Ardon,1971.0,46.217467,7.2622800000000005
Heiligkreuz,1971.0,46.9461658,8.0561115
"Veytaux, Chillon",1972.0,,
Tenero,1972.0,46.180463200000005,8.8490614
Lessoc,1973.0,46.499998,7.0666579999999986
Waltensburg,1973.0,46.77672130000001,9.117075400000001
"Grimsel, Sommerloch, u.Hospiz",1974.0,,
Bremgarten,1975.0,47.34917739999999,8.3397905
Bremgarten,1998.0,47.34917739999999,8.3397905
Fieschertal,1975.0,46.4245787,8.143049000000001
Rossens,1976.0,46.7205552,7.1041753
Rossens,2005.0,46.7205552,7.1041753
Steg-Hohtenn,1976.0,46.313943200000004,7.751228800000002
Vadura,1977.0,46.9574335,9.484879800000002
"Hérémence, Sauterot",1977.0,,
Bad Ragaz,1978.0,47.0034141,9.5011062
Vallorcine,1978.0,46.033505,6.931817
Martigny,1978.0,46.104979799999995,7.0755333999999985
"Salvan, Alpage de Barberine",1978.0,,
Rueras,1979.0,46.67497720000001,8.7502117
"Grimsel, Chessituren",1981.0,,
Martigny-Combe,1981.0,46.083195,7.0487069
Collonges,1981.0,46.169781,7.033227
Vilters,1982.0,47.029998799999994,9.4484028
Jaun,1982.0,46.6103237,7.2861429000000015
"Buchs, Waldrand",1987.0,,
St.Sulpice,1988.0,46.51011399999999,6.558195100000002
"Aigle, En la Douve",1989.0,,
"Weinfelden, untere Widen",1989.0,,
Ilanz,1990.0,46.77421,9.20474
Ilanz,1992.0,46.77421,9.20474
Sufers,1990.0,46.5705798,9.366444300000001
Ried-Brig,1990.0,46.31726,8.01774
Ried-Brig,1995.0,46.31726,8.01774
Ried-Brig,2013.0,46.31726,8.01774
Ried-Brig,2016.0,46.31726,8.01774
Plancanin,1991.0,46.818188,8.227511999999999
Motti della Bolla,1991.0,46.818188,8.227511999999999
Müstair/Chasseras,1991.0,,
Täsch,1992.0,,
Samedan,1992.0,46.5339944,9.872933900000001
"Le Châble, Bagnes",1993.0,,
"Murgtal, Unter Plätz",1994.0,,
Baltschieder,1994.0,46.308,7.863670000000001
Genève,1994.0,,
Strada,1994.0,46.863281,10.4365953
Martina,1994.0,46.883333,10.466667
Neftenbach,1994.0,47.526653700000004,8.6688227
Elm,1995.0,46.91979569999999,9.1723405
Brügg,1995.0,,
Oberwynau,1996.0,47.254568,7.7897914
Adelboden,1996.0,46.4930889,7.559512299999999
Unterseen,1996.0,46.6852116,7.848157400000002
"Château d'Oex, Gérignoz",1996.0,,
Dornach,1996.0,47.479049100000005,7.6170412
"St. Martin, Lunschania",1996.0,,
"Kandersteg, Dorf",1996.0,,
"Les Farettes, Aigle",1997.0,,
Jenins,1997.0,47.00050039999999,9.5577461
Wilderswil,1998.0,46.6652174,7.868918300000001
Pas-du Lein,1998.0,46.1107393,7.1592807
"Evionnaz, La Rasse",1998.0,,
Guarda-Giarsun Gmd. Scuol,1998.0,46.769890000000004,10.14391
Engehalde,1998.0,46.9566886,7.4397875
Münchenstein,1998.0,,
Luzern,1998.0,47.05016819999999,8.3093072
"Wassen, Pfaffensprung",1998.0,,
Saxeten,1999.0,46.63639570000001,7.8311603000000005
Kriens/Obernau,1999.0,47.030840000000005,8.2515
Rüderswil,1999.0,,
Grandvillard,1999.0,46.54092800000001,7.086142799999998
Boningen,2000.0,47.306647,7.8563887999999995
Tscherggen,2000.0,46.783333,9.664444
Dalpe,2000.0,46.4773556,8.7728337
Savièse,2001.0,,
Savièse,2004.0,,
Savièse,2015.0,,
Altdorf,2002.0,46.882127200000006,8.642843599999999
Campo Vallemaggia,2002.0,46.2887844,8.495915199999999
Schönenberg an der Thur,2002.0,,
Lungern,2003.0,46.785818799999994,8.159704
"Cerentino, Collinasca",2004.0,,
Isérables,2005.0,,
"La Frassenaye, Val d'Jlliez",2005.0,,
"Sachseln, Obflue",2005.0,,
Sonceboz,2005.0,47.1957402,7.1786493999999985
Raron,2007.0,46.309006700000005,7.800160000000001
"Dardin, Casut",2008.0,,
Niedergesteln,2008.0,46.313723700000004,7.781042599999998
Lavigny,2008.0,46.5012496,6.404400799999999
" Prato Leventina, P. di Masc.",2008.0,,
"Engi, Vorderdorf (Glarus Süd)",2009.0,,
Vollèges,2009.0,,
"Saint-Gingolph, Vignolles",2009.0,,
Nufenen,2009.0,46.5394932,9.2433569
Leibstadt,2009.0,47.5899397,8.173178
"Niedergesteln, Turtig",2009.0,,
"Kandersteg, Eggeschwand",2009.0,,
"Törbel, Gappil",2010.0,,
Arbaz,2010.0,46.2717615,7.3810394000000015
"Mesocco, Camou",2010.0,,
"San Carlo, Pedecosta",2010.0,,
Tarasp,2010.0,46.7758856,10.2584949
Susch,2010.0,46.7507975,10.0796664
Wiler (Lötschen),2010.0,,
Schattenhalb,2010.0,46.7185473,8.1911357
Schattenhalb,2017.0,46.7185473,8.1911357
Riom - Parsonz,2011.0,46.5974706,9.5731025
"Ennenda, Alpenbrüggli",2011.0,,
Seewis,2011.0,46.9905027,9.6372642
Malters,2011.0,47.0369701,8.183899199999999
"Frauenfeld, Schlossmühlestr.",2012.0,,
"Charmey, La Tzintre",2012.0,,
Hérémence,2012.0,,
Fiesch,2012.0,46.4014491,8.1333135
Splügen,2012.0,,
Engi (Glarus Süd),2012.0,,
Icogne,2012.0,46.290802,7.4381663
"Bedretto, Ossasco",2012.0,,
Grafschaft,2013.0,46.455335600000005,8.2169557
Leytron,2013.0,46.186629700000005,7.208701500000001
Challex,2013.0,46.181175,5.972054
"Wolfenschiessen, Flüglisloo",2013.0,,
Ferden,2013.0,46.3939824,7.759474599999999
"Ormont - Dessous, Le Pont",2013.0,,
Steinach,2014.0,47.503209999999996,9.44208
"Vionnaz, Beffeux",2014.0,,
Eischoll,2014.0,46.29327,7.780620000000001
Lauenen bei Gstaad,2014.0,46.42427,7.322610000000001
"Ulrichen, zum Loch",2014.0,,
"Les Pontets, Riddes",2014.0,,
Ardez,2014.0,46.774901299999996,10.2017095
Braunwald,2014.0,46.939304299999996,8.9981219
"Schwörstaddt, KW Ryburg-Schw.",2014.0,,
Lavin,2014.0,46.7679834,10.110704400000001
"Eisten, VS",2014.0,,
Rivaz,2014.0,46.4764133,6.7786130999999985
Uznach,2015.0,47.2243722,8.984141699999999
St. Niklaus,2015.0,46.176233200000006,7.804591699999999
"Neuägeri, Gmde Menzingen",2015.0,,
"Badhalte, Brig-Glis",2015.0,,
"Mossjesee, Zermatt",2015.0,,
"Mund, In de Fäldu (Gem.Naters)",2015.0,,
Sigirino (Monteceneri),2015.0,46.11128720000001,8.9326382
"Vétroz, Péteille",2015.0,,
Olten,2015.0,47.3499624,7.903703399999999
"Hard, Wülflingen in Winterthur",2015.0,,
"Guttannen, Blatti",2016.0,,
"St. Stephan, Matten",2016.0,,
"Wiler, Münster-Geschinen",2016.0,,
Tinizong-Rona,2016.0,46.5831572,9.616736
"La Serrière, Neuchâtel",2016.0,,
"Mitlödi, Gmde. Glarus Süd",2016.0,,
Mitlödi (Glarus Süd),2016.0,,
"Bourg-St-Pierre, La Delise",2016.0,,
"Boltigen, Garstatt",2016.0,,
"Steinen, Müliacher",2016.0,,
"Broglio, Corsgèla in Lavizarra",2016.0,,
Bristen,2016.0,46.73699999999999,8.681239999999999
St. Stephan,2016.0,46.50595,7.402049999999999
"Gohlhusbrügg, Lützelflüh",2016.0,,
"Innertkirchen, Underürbach",2016.0,,
"Oberwald, St. Niklaus",2017.0,,
Fully,2017.0,46.1385386,7.1181106
"Fully, Les Garettes",2017.0,,
"Reichenbach, Losplatte",2017.0,,
"Rüti, Gmde Glarus Süd",2017.0,,
"Le Châble, Profray, Com.Bagnes",2017.0,,
"Obersaxen, St. Joseph",2017.0,,
"Promontogno, Gmde. Bregaglia",2017.0,,
"Guttannen, Spitelnollen",2017.0,,
Samnaun-Compatch,2017.0,46.96028,10.40523
"St. Gallen, Grafenau",2018.0,,
"Engi, Unter Engi",2018.0,,
Mitlödi,2018.0,,
"Vispenterminen, Chrizji",2018.0,,
"Vispenterminen, Stundhüs",2018.0,,
"Crans-Montana, R. Bourgeoisie",2018.0,,
"Ollon, Bruet",2018.0,,
Vouvry,2018.0,,
Palagnedra,2018.0,46.1540359,8.6321672
"Nauders, A",2018.0,,
Prutz,2018.0,47.07661909999999,10.6633174
"Churwalden, Bärgliwäg",2019.0,,
"Mels, Plons",2019.0,,
Walenstadt,2019.0,47.123979999999996,9.31603
Finhaut,2019.0,46.08337,6.97688
Oberwald,2020.0,,
Dardin Casut,,46.7589562,9.0490239
Obersaxen St. Joseph,,46.74733699999999,9.0755162
Vals Staumauer Zervreila,,46.578264000000004,9.1179784
St. Martin Lunschania,,46.6607894,9.1894629
Spluegen,,46.5528268,9.323358099999998
Sils Nisellas,,46.703636100000004,9.4654681
Preda bei Berguen,,46.5909644,9.7710533
Davos Frauenkirch,,46.7673762,9.797563400000001
Davos Glaris,,46.745568,9.779932
Litzirueti,,46.798626899999995,9.702501
Lueen Tewald,,46.818188,8.227511999999999
Chur Sand,,46.8507835,9.5319859
Churwalden Baergliwaeg,,46.775946600000005,9.5430033
Kueblis,,46.9144002,9.7784561
Wangs Gaschiels,,47.029998799999994,9.4484028
Buchs Waldrand,,47.14991759999999,9.4451186
Buchs Steig - Aspenhoelzli,,47.15509240000001,9.4627341
Buchs Altendorf,,47.165540299999996,9.4708594
Grabs Bannwald,,47.1825657,9.4440433
Grabs Loechli,,47.17643820000001,9.431930900000001
Oberriet Blatten,,47.3199075,9.5644269
Heiden Hinterlochen,,47.46205579999999,9.5527038
Untereggen Lochmueli,,47.460332,9.4399703
Nesslau unterer Giessenfall,,47.4252828,9.0243172
Nesslau Schneit,,47.216667,9.2
Trempel Ebnat-Kappel,,47.2498614,9.1648302
Buetschwil,,47.3625195,9.0735291
Muelau bei Bazenheid Kirchberg,,47.45750169999999,8.744069
Glattmueli,,47.4314679,9.1769872
Raessenaueli,,47.280558899999996,9.4223873
Urnaesch,,47.3170588,9.2826442
St. Gallen Sittertal,,47.41032149999999,9.3231431
Schoenenberg,,47.19323120000001,8.644027000000001
Schoenenberg an der Thur,,47.520833,9.197778
Buerglen,,46.8761523,8.664463099999999
Weinfelden untere Widen,,47.5660299,9.1084456
Frauenfeld Schlossmuehlestr.,,47.55342049999999,8.8972856
Kollbrunn Gmde. Zell,,47.4569,8.7747
Sennhof Illnau-Effretikon,,47.46738,8.759549999999999
Hard Wuelflingen in Winterthur,,47.5091076,8.690416699999998
Bad Saeckingen,,47.5513909,7.9521570000000015
Schwoerstadt,,47.5922024,7.8753855999999995
Schwoerstaddt KW Ryburg-Schw.,,47.56749199999999,7.839517000000002
Undervelier Blanches-Fontaine,,47.2941146,7.2220181
Chez Theurillat Haute-Sorne,,47.34999999999999,7.233333
Soyhieres,,47.39049779999999,7.3690995
Muenchenstein,,47.522648499999995,7.615066099999999
Kembs Loechle,,47.652079,7.506494999999999
Grimsel Chessituren,,46.5614,8.337579999999999
Grimsel Sommerloch u.Hospiz,,46.5614,8.337579999999999
Guttannen Blatti,,46.655208200000004,8.2892297
Innertkirchen Underuerbach,,46.697462,8.234651699999999
Underi-Furen Innertkirchen,,46.728077899999995,8.3325341
Meiringen Haselholz,,46.7251614,8.1909081
Luetschental,,46.6382294,7.9491467999999985
Lauterbrunnen Stechelberg,,46.5452567,7.9026561000000015
Interlaken Kanal,,46.686348100000004,7.863204899999999
Kandersteg Eggeschwand,,46.47908899999999,7.665742399999999
Kandersteg Zilfuri,,46.4947325,7.674435700000001
Kandersteg Dorf,,46.4947325,7.674435700000001
Adelboden Engstligenalp,,46.4308464,7.5800088999999975
Reichenbach Losplatte,,46.5760797,7.7324135999999974
Adelboden Moosweid,,46.495786200000005,7.5755696000000015
Laengmad am Thunersee,,46.7315725,7.669203500000001
St. Stephan Matten,,46.50065,7.427209999999999
Boltigen Garstatt,,46.592939,7.3743846999999985
Thun Kanal (Uttigenstr.),,46.7665527,7.6082304
Bern Matte,,46.9469347,7.456680099999999
Ch√¢teau d'Oex Gerignoz,,46.47112,7.16535
Charmey La Tzintre,,46.609953499999996,7.183172399999999
Charmey Le Perre,,46.6150944,7.167405499999999
Fribourg Maigrauge,,46.799859000000005,7.1585600000000005
Fribourg Oelberg,,46.8064773,7.161971899999998
Weissenburg_Del,,46.658333,7.475556
Niederried Radelfingen,,47.0117074,7.2505417
Les Clees,,46.7316468,6.4628128999999985
La Doux / St.Sulpice,,46.90982409999999,6.5643666
Noiraigue Le Furcil,,46.953016,6.730449399999999
Brot-Dessous Les Moyats,,46.953055400000004,6.7586432
Boudry Combe-Garot,,46.9626054,6.796701400000001
Neuch√¢tel Serrieres,,46.9814848,6.899276299999999
La Serriere Neuch√¢tel,,46.9814848,6.899276299999999
Pery Rondch√¢tel,,47.1731531,7.2485734
Pery Frinvillier,,47.1876743,7.3000893
Biel-Boezingen,,47.1544144,7.2726701
Boezingen,,47.1544144,7.2726701
Bruegg,,47.123706799999994,7.281258800000002
Ruederswil,,46.9834237,7.723239500000001
Gohlhusbruegg Luetzelflueh,,47.001362,7.692176300000002
Baetterkinden,,47.130666399999996,7.539792899999999
Schwarzhaeusern,,47.2519786,7.766630200000002
Niedergoesgen,,47.37293629999999,7.9922616999999985
Doettingen,,47.570768,8.258819500000001
Klingnau Gippingen,,47.5810229,8.2489572
Goeschenen,,46.6681092,8.589489599999999
Wassen Pfaffensprung,,46.7136569,8.6089007
Erstfeld Ripshusen,,46.8421005,8.633662
Unterschaechen,,46.86332789999999,8.7705289
Bisisthal Sahli,,46.942972,8.830808
Steinen Mueliacher,,47.0495934,8.613133999999999
Engelberg Stalden,,46.806164200000005,8.444647199999999
Wolfenschiessen Flueglisloo,,46.9081639,8.3959084
Buochs,,46.9735985,8.420352000000001
Kaiserstuhl,,47.567558500000004,8.418268900000001
Sachseln Obflue,,46.8671605,8.2393778
Kerns Stoeckalp,,46.802839,8.2788854
Kerns Wisserlen,,46.91392020000001,8.296059999999999
Alpnach Eichibruecke,,46.9380412,8.2701754
Stansstad Rotzloch,,46.965069,8.3298308
Emmenbruecke,,47.07723379999999,8.275637
Perlen Buchrain,,47.09638289999999,8.3477709
Perlen Root,,47.11068,8.36224
Unteraegeri,,47.136809299999996,8.5830915
Neuaegeri Gmde Menzingen,,47.15085999999999,8.563749999999999
Lorzentobel Nidfuren,,47.17460639999999,8.534381999999999
Friesencham Cham,,47.196237599999996,8.4489004
Linthal Ochsenstafel,,46.9218287,8.999643800000001
Linthal Tierfehd,,46.878482399999996,8.982065400000002
Linthal Stachelberg,,46.92772660000001,9.001123300000001
Rueti,,47.256699499999996,8.854421
Rueti Gmde Glarus Sued,,46.93688710000001,9.016067
Haetzingen,,46.95,9.033333
Engi (Glarus Sued),,46.9821094,9.1532227
Engi Vorderdorf (Glarus Sued),,46.9821094,9.1532227
Mitloedi,,47.0106005,9.0799644
Mitloedi (Glarus Sued),,47.0106005,9.0799644
Mitloedi Gmde. Glarus Sued,,47.0106005,9.0799644
Ennenda Alpenbrueggli,,47.0508495,9.0690901
Mels Steigs,,47.0478375,9.422401800000001
Plons Gmde. Mels,,47.0562,9.39947
Flums Ruefi,,47.0837671,9.3483662
Toebeli,,46.5776201,9.3787871
Mols Tal,,46.818188,8.227511999999999
Murgtal Merlen,,47.5061724,8.941068999999997
Murgtal Unter Plaetz,,47.5061724,8.941068999999997
Murg unterhalb Goedis,,47.5061724,8.941068999999997
Amden Muslen,,47.1380727,9.1355582
Ruetiberg / Naefels,,47.0920934,9.0345532
Naefels,,47.0993576,9.0677737
Ziegelbruecke,,47.1339,9.0613
Vorderthal Rempen,,47.139323700000006,8.899421499999997
Galgenen Vorauen,,47.18267729999999,8.8578858
Baech,,47.199995,8.716671999999999
Zuerich,,47.376886600000006,8.541694
Baden Chappelerhof,,47.4834769,8.2854204
Untersiggenthal Schiffmueli,,47.4978612,8.2638309
Ulrichen Altstafel,,46.5312148,8.327779999999999
Oberwald St. Niklaus,,46.532881,8.345476399999999
Ulrichen zum Loch,,46.50347,8.3178
Muenster Moos,,46.486934000000005,8.263605
Wiler Muenster-Geschinen,,46.5013769,8.2904165
Heiligkreuz Laengtal,,46.9461658,8.0561115
Moerel,,46.3567261,8.0466357
Bitsch Biel,,46.336008299999996,8.01573
Naters,,46.3239282,7.991656900000001
Mund In de Faeldu (Gem.Naters),,46.3135442,7.9481937999999985
Badhalte Brig-Glis,,46.298632,7.909489799999998
Saas Almagell Zermeiggern,,46.092438,7.957589999999999
Saas-Fee Wichulti,,46.1091073,7.9297122
Mossjesee Zermatt,,46.017979,7.747755000000001
Zermatt Alterhaupt,,46.022232,7.738173
Taesch,,46.06796920000001,7.775904499999998
Eisten VS,,46.19739999999999,7.895079999999997
Toerbel Gappil,,46.2344525,7.8471566999999975
Stalden Riedji,,46.24041,7.896339999999999
Stalden Ackersand,,46.2405271,7.875593199999999
Vispenterminen Chrizji,,46.2653533,7.8962740999999985
Vispenterminen Stundhues,,46.818188,8.227511999999999
Unterbaech,,46.2849335,7.7991646999999995
Niedergesteln Turtig,,46.3023624,7.7968391000000015
Wiler (Loetschen),,46.4022173,7.782755599999999
Oberems Meretschialp,,46.281652,7.695524400000001
Turtmann Muellacheren,,46.296876399999995,7.680516600000002
Dalaloch Leuk-Stadt,,46.3176773,7.635166499999999
Grimentz-Lona Val de Moiry,,46.17997279999999,7.576435900000001
Ayer Mottec,,46.1524459,7.6226552
Ayer Vissoie,,46.2152089,7.585594200000001
Crans-Montana R. Bourgeoisie,,46.3163243,7.520893199999999
St-Leonard Mangol,,46.25347,7.418330000000001
St. Leonard,,46.25347,7.418330000000001
Heremence Sauterot,,46.174191,7.4101482999999995
Heremence,,46.172473100000005,7.421453899999999
Sion,,46.2331221,7.360625999999999
Siviez Cleuson,,46.1070335,7.323273700000001
Saviese,,46.251175200000006,7.349158099999999
Vetroz Peteille,,46.2257544,7.2819705999999975
Ferpecle,,46.059900000000006,7.546950000000002
Iserables,,46.16251219999999,7.2444663
Les Pontets Riddes,,46.173143700000004,7.2225148999999975
Riddes Pied du Mont,,46.17028870000001,7.226522999999999
Fionnay Mauvoisin,,46.03286,7.307699999999999
Riddes Ec√¥ne,,46.15612489999999,7.207144099999999
Fully Les Garettes,,46.208649799999996,7.3767809999999985
Lac-Devant Sorniot,,46.169349,7.094923
Le Ch√¢ble Bagnes,,46.08014,7.2104800000000004
Bagnes Profray,,46.081565399999995,7.2024992
Volleges,,46.0871799,7.170474700000001
Bourg-St-Pierre La Delise,,45.9449714,7.2162915
Le Niollet Champex,,46.0278595,7.116504399999998
Orsieres,,46.0282108,7.147099499999999
Sembrancher Les Moulins,,46.076873,7.154902499999999
Le Ch√¢telard,,46.6774396,6.9779855999999985
Salvan Alpage de Barberine,,46.0579552,6.938824799999999
Vernayaz Mieville,,46.1484661,7.0292761
Gietroz du Fond,,45.9991992,7.3837614999999985
Evionnaz La Rasse,,46.182888,7.0137136
Le Bevieux,,46.260979999999996,7.0293600000000005
Etrivouez Grand Paradis,,46.161696500000005,6.8596758
La Frassenaye Val d'Jlliez,,46.18475859999999,6.896675
Monthey Les Nants,,46.252016999999995,7.1104983
Vionnaz Beffeux,,46.3090098,6.893836200000001
Les Diablerets Le Plan,,46.351389000000005,7.158055999999998
Ormont-Dessous Le Pont,,46.347568100000004,7.043092799999998
Ormont - Dessous Le Pont,,46.347568100000004,7.043092799999998
Aigle En la Douve,,46.3150334,6.9762993
Fontanney Les Farettes,,46.818188,8.227511999999999
Les Farettes Aigle,,46.3170855,6.984503399999999
Vouvry Haut du Village,,46.3363829,6.891011199999999
Saint-Gingolph Vignolles,,46.388141600000004,6.811458900000001
Veytaux Chillon,,46.4142131,6.927492399999998
Montreux Sonzier,,46.438925,6.921644000000001
Les Planches Taulan,,46.434211,6.9155940000000005
Geneve,,46.2043907,6.143157700000001
Veyrier Vessy,,46.1660489,6.178396999999999
Avully Chancy,,46.1696093,6.0013781999999996
Les Brenets La Ran√ßonniere,,47.0596349,6.705921000000001
Bedretto Ossasco,,46.51116520000001,8.5341506
Airolo Launc,,46.5286074,8.612374599999999
Prato Leventina P. di Masc.,,46.482904600000005,8.7567273
Lavorgo Nivo di Chironico,,46.4347727,8.842120199999998
Mesocco Spina,,46.4292721,9.2164769
Mesocco Camou,,46.421385799999996,9.2331001
Lostallo Rura,,46.312329999999996,9.195681800000001
Grono Oltra,,46.2477371,9.1461813
Broglio Corsgela in Lavizarra,,46.38185559999999,8.666862799999999
Cerentino Collinasca,,46.304302,8.551171799999999
Someo Giumaglio,,46.273889000000004,8.681944
Tegna Ponte Brolla,,46.186706,8.7443382
Gondo San Marco,,46.1957797,8.1405466
Gondo Tannuwald,,46.151241299999995,8.1065889
Poschiavo Alpe Palue,,46.372778000000004,10.025833
Poschiavo Bernina,,46.323930100000005,10.057346699999998
Poschiavo Cavaglia,,46.3662781,10.0423391
S. Carlo Robbia,,46.34802639999999,10.061230499999999
San Carlo Pedecosta,,46.3599,10.0751201
Promontogno Gmde. Bregaglia,,46.3353876,9.5541649
Roseg Samedan,,46.43882670000001,9.871208900000001
Pontresina Morteratsch,,46.4515691,9.941493199999998
Nauders A,,46.8888227,10.5002019
Muestair Chasseras,,46.62617720000001,10.445857
